{"train/global_step": 0, "_timestamp": 1709997061.593731, "_runtime": 0.8450658321380615, "_step": 0, "_wandb": {"runtime": 0}}