{"train/global_step": 0, "_timestamp": 1709843029.0644877, "_runtime": 0.8882927894592285, "_step": 0, "_wandb": {"runtime": 0}}