{"train/global_step": 0, "_timestamp": 1710110971.3772445, "_runtime": 0.9389684200286865, "_step": 0, "_wandb": {"runtime": 0}}