{"train/global_step": 0, "_timestamp": 1709975672.4558213, "_runtime": 0.8961741924285889, "_step": 0, "_wandb": {"runtime": 0}}